<?xml version="1.0" encoding="UTF-8"?>
<export version="E">
  <design>
    <source>C:\Users\Sebastian\Desktop\proyecto\proyecto\proyecto.kicad_sch</source>
    <date>22/02/2023 20:23:47</date>
    <tool>Eeschema (7.0.0)</tool>
    <sheet number="1" name="/" tstamps="/">
      <title_block>
        <title/>
        <company/>
        <rev/>
        <date/>
        <source>proyecto.kicad_sch</source>
        <comment number="1" value=""/>
        <comment number="2" value=""/>
        <comment number="3" value=""/>
        <comment number="4" value=""/>
        <comment number="5" value=""/>
        <comment number="6" value=""/>
        <comment number="7" value=""/>
        <comment number="8" value=""/>
        <comment number="9" value=""/>
      </title_block>
    </sheet>
  </design>
  <components>
    <comp ref="AE1">
      <value>Antenna</value>
      <footprint>RF_Antenna:Texas_SWRA117D_2.4GHz_Right</footprint>
      <libsource lib="Device" part="Antenna" description="Antenna"/>
      <property name="Sheetname" value=""/>
      <property name="Sheetfile" value="proyecto.kicad_sch"/>
      <property name="ki_description" value="Antenna"/>
      <property name="ki_keywords" value="antenna"/>
      <sheetpath names="/" tstamps="/"/>
      <tstamps>a57c5735-91bb-4433-b0e8-0c285e82fb12</tstamps>
    </comp>
    <comp ref="C1">
      <value>10n</value>
      <footprint>Capacitor_SMD:C_0402_1005Metric</footprint>
      <libsource lib="Device" part="C_Small" description="Unpolarized capacitor, small symbol"/>
      <property name="Sheetname" value=""/>
      <property name="Sheetfile" value="proyecto.kicad_sch"/>
      <property name="ki_description" value="Unpolarized capacitor, small symbol"/>
      <property name="ki_keywords" value="capacitor cap"/>
      <sheetpath names="/" tstamps="/"/>
      <tstamps>ca7228c2-75d5-4643-b923-9a113f539700</tstamps>
    </comp>
    <comp ref="C2">
      <value>33n</value>
      <footprint>Capacitor_SMD:C_0402_1005Metric</footprint>
      <libsource lib="Device" part="C_Small" description="Unpolarized capacitor, small symbol"/>
      <property name="Sheetname" value=""/>
      <property name="Sheetfile" value="proyecto.kicad_sch"/>
      <property name="ki_description" value="Unpolarized capacitor, small symbol"/>
      <property name="ki_keywords" value="capacitor cap"/>
      <sheetpath names="/" tstamps="/"/>
      <tstamps>8d97c51d-3a3d-4c51-ab01-2cd9bcd65dec</tstamps>
    </comp>
    <comp ref="C3">
      <value>1n</value>
      <footprint>Capacitor_SMD:C_0402_1005Metric</footprint>
      <libsource lib="Device" part="C_Small" description="Unpolarized capacitor, small symbol"/>
      <property name="Sheetname" value=""/>
      <property name="Sheetfile" value="proyecto.kicad_sch"/>
      <property name="ki_description" value="Unpolarized capacitor, small symbol"/>
      <property name="ki_keywords" value="capacitor cap"/>
      <sheetpath names="/" tstamps="/"/>
      <tstamps>fe980cd5-fccd-41bd-82b2-8f775ae8aa65</tstamps>
    </comp>
    <comp ref="C4">
      <value>22p</value>
      <footprint>Capacitor_SMD:C_0402_1005Metric</footprint>
      <libsource lib="Device" part="C_Small" description="Unpolarized capacitor, small symbol"/>
      <property name="Sheetname" value=""/>
      <property name="Sheetfile" value="proyecto.kicad_sch"/>
      <property name="ki_description" value="Unpolarized capacitor, small symbol"/>
      <property name="ki_keywords" value="capacitor cap"/>
      <sheetpath names="/" tstamps="/"/>
      <tstamps>1a047e6a-ddfe-402e-a4a7-f688346a05f1</tstamps>
    </comp>
    <comp ref="C5">
      <value>22p</value>
      <footprint>Capacitor_SMD:C_0402_1005Metric</footprint>
      <libsource lib="Device" part="C_Small" description="Unpolarized capacitor, small symbol"/>
      <property name="Sheetname" value=""/>
      <property name="Sheetfile" value="proyecto.kicad_sch"/>
      <property name="ki_description" value="Unpolarized capacitor, small symbol"/>
      <property name="ki_keywords" value="capacitor cap"/>
      <sheetpath names="/" tstamps="/"/>
      <tstamps>b34de85a-a2a6-40dd-abb6-c807d60311ba</tstamps>
    </comp>
    <comp ref="C6">
      <value>C_Small</value>
      <footprint>Capacitor_SMD:C_0402_1005Metric</footprint>
      <libsource lib="Device" part="C_Small" description="Unpolarized capacitor, small symbol"/>
      <property name="Sheetname" value=""/>
      <property name="Sheetfile" value="proyecto.kicad_sch"/>
      <property name="ki_description" value="Unpolarized capacitor, small symbol"/>
      <property name="ki_keywords" value="capacitor cap"/>
      <sheetpath names="/" tstamps="/"/>
      <tstamps>d2a37952-8b6f-4cf3-ae37-055cbbfc371f</tstamps>
    </comp>
    <comp ref="C7">
      <value>1p5</value>
      <footprint>Capacitor_SMD:C_0402_1005Metric</footprint>
      <libsource lib="Device" part="C_Small" description="Unpolarized capacitor, small symbol"/>
      <property name="Sheetname" value=""/>
      <property name="Sheetfile" value="proyecto.kicad_sch"/>
      <property name="ki_description" value="Unpolarized capacitor, small symbol"/>
      <property name="ki_keywords" value="capacitor cap"/>
      <sheetpath names="/" tstamps="/"/>
      <tstamps>c14a2f9b-e5d3-46ea-a727-a7765ea7b046</tstamps>
    </comp>
    <comp ref="C8">
      <value>C_Small</value>
      <footprint>Capacitor_SMD:C_0402_1005Metric</footprint>
      <libsource lib="Device" part="C_Small" description="Unpolarized capacitor, small symbol"/>
      <property name="Sheetname" value=""/>
      <property name="Sheetfile" value="proyecto.kicad_sch"/>
      <property name="ki_description" value="Unpolarized capacitor, small symbol"/>
      <property name="ki_keywords" value="capacitor cap"/>
      <sheetpath names="/" tstamps="/"/>
      <tstamps>a3bac86b-feaf-4db9-8bda-4fed55df66c2</tstamps>
    </comp>
    <comp ref="C9">
      <value>1p</value>
      <footprint>Capacitor_SMD:C_0402_1005Metric</footprint>
      <libsource lib="Device" part="C_Small" description="Unpolarized capacitor, small symbol"/>
      <property name="Sheetname" value=""/>
      <property name="Sheetfile" value="proyecto.kicad_sch"/>
      <property name="ki_description" value="Unpolarized capacitor, small symbol"/>
      <property name="ki_keywords" value="capacitor cap"/>
      <sheetpath names="/" tstamps="/"/>
      <tstamps>20a79e2e-5357-4a13-b281-a67462f392be</tstamps>
    </comp>
    <comp ref="C10">
      <value>Cx</value>
      <footprint>Capacitor_SMD:C_0402_1005Metric</footprint>
      <libsource lib="Device" part="C_Small" description="Unpolarized capacitor, small symbol"/>
      <property name="Sheetname" value=""/>
      <property name="Sheetfile" value="proyecto.kicad_sch"/>
      <property name="ki_description" value="Unpolarized capacitor, small symbol"/>
      <property name="ki_keywords" value="capacitor cap"/>
      <sheetpath names="/" tstamps="/"/>
      <tstamps>47b37ad6-2a64-4206-9f97-1871da5953d3</tstamps>
    </comp>
    <comp ref="C11">
      <value>Cx</value>
      <footprint>Capacitor_SMD:C_0402_1005Metric</footprint>
      <libsource lib="Device" part="C_Small" description="Unpolarized capacitor, small symbol"/>
      <property name="Sheetname" value=""/>
      <property name="Sheetfile" value="proyecto.kicad_sch"/>
      <property name="ki_description" value="Unpolarized capacitor, small symbol"/>
      <property name="ki_keywords" value="capacitor cap"/>
      <sheetpath names="/" tstamps="/"/>
      <tstamps>ca9ca2db-408c-428c-a945-11c330e144f0</tstamps>
    </comp>
    <comp ref="J1">
      <value>Conn_01x08_Pin</value>
      <footprint>Connector_Hirose:Hirose_DF13-08P-1.25DSA_1x08_P1.25mm_Vertical</footprint>
      <libsource lib="Connector" part="Conn_01x08_Pin" description="Generic connector, single row, 01x08, script generated"/>
      <property name="Sheetname" value=""/>
      <property name="Sheetfile" value="proyecto.kicad_sch"/>
      <property name="ki_description" value="Generic connector, single row, 01x08, script generated"/>
      <property name="ki_keywords" value="connector"/>
      <sheetpath names="/" tstamps="/"/>
      <tstamps>97b0c876-b742-45fa-a830-00817f8eddcd</tstamps>
    </comp>
    <comp ref="L1">
      <value>8n2</value>
      <footprint>Inductor_SMD:L_0402_1005Metric</footprint>
      <libsource lib="Device" part="L" description="Inductor"/>
      <property name="Sheetname" value=""/>
      <property name="Sheetfile" value="proyecto.kicad_sch"/>
      <property name="ki_description" value="Inductor"/>
      <property name="ki_keywords" value="inductor choke coil reactor magnetic"/>
      <sheetpath names="/" tstamps="/"/>
      <tstamps>6121cc1c-bb95-4cd0-9029-315edb2ac88d</tstamps>
    </comp>
    <comp ref="L2">
      <value>2n7</value>
      <footprint>Inductor_SMD:L_0402_1005Metric</footprint>
      <libsource lib="Device" part="L" description="Inductor"/>
      <property name="Sheetname" value=""/>
      <property name="Sheetfile" value="proyecto.kicad_sch"/>
      <property name="ki_description" value="Inductor"/>
      <property name="ki_keywords" value="inductor choke coil reactor magnetic"/>
      <sheetpath names="/" tstamps="/"/>
      <tstamps>1c100d61-6d3a-46e7-bc36-4829da195b77</tstamps>
    </comp>
    <comp ref="L3">
      <value>3n9</value>
      <footprint>Inductor_SMD:L_0402_1005Metric</footprint>
      <libsource lib="Device" part="L" description="Inductor"/>
      <property name="Sheetname" value=""/>
      <property name="Sheetfile" value="proyecto.kicad_sch"/>
      <property name="ki_description" value="Inductor"/>
      <property name="ki_keywords" value="inductor choke coil reactor magnetic"/>
      <sheetpath names="/" tstamps="/"/>
      <tstamps>3fdc7316-5553-4880-8e2a-1743f2c26d06</tstamps>
    </comp>
    <comp ref="L4">
      <value>Lx</value>
      <footprint>Inductor_SMD:L_0402_1005Metric</footprint>
      <libsource lib="Device" part="L" description="Inductor"/>
      <property name="Sheetname" value=""/>
      <property name="Sheetfile" value="proyecto.kicad_sch"/>
      <property name="ki_description" value="Inductor"/>
      <property name="ki_keywords" value="inductor choke coil reactor magnetic"/>
      <sheetpath names="/" tstamps="/"/>
      <tstamps>a0434f54-50af-4cc9-b607-f3f797f48ff6</tstamps>
    </comp>
    <comp ref="R1">
      <value>22k</value>
      <footprint>Resistor_SMD:R_0402_1005Metric</footprint>
      <libsource lib="Device" part="R_Small_US" description="Resistor, small US symbol"/>
      <property name="Sheetname" value=""/>
      <property name="Sheetfile" value="proyecto.kicad_sch"/>
      <property name="ki_description" value="Resistor, small US symbol"/>
      <property name="ki_keywords" value="r resistor"/>
      <sheetpath names="/" tstamps="/"/>
      <tstamps>dc25adeb-7c43-4064-8942-e534431f3067</tstamps>
    </comp>
    <comp ref="R2">
      <value>10M</value>
      <footprint>Resistor_SMD:R_0402_1005Metric</footprint>
      <libsource lib="Device" part="R_Small_US" description="Resistor, small US symbol"/>
      <property name="Sheetname" value=""/>
      <property name="Sheetfile" value="proyecto.kicad_sch"/>
      <property name="ki_description" value="Resistor, small US symbol"/>
      <property name="ki_keywords" value="r resistor"/>
      <sheetpath names="/" tstamps="/"/>
      <tstamps>37d4d951-0c1f-4696-81d5-178cfe5ae7c0</tstamps>
    </comp>
    <comp ref="U1">
      <value>NRF24L01</value>
      <footprint>Package_DFN_QFN:QFN-20-1EP_4x4mm_P0.5mm_EP2.5x2.5mm</footprint>
      <datasheet>http://www.nordicsemi.com/eng/content/download/2730/34105/file/nRF24L01_Product_Specification_v2_0.pdf</datasheet>
      <libsource lib="RF" part="NRF24L01" description="Ultra low power 2.4GHz RF Transceiver, QFN-20"/>
      <property name="Sheetname" value=""/>
      <property name="Sheetfile" value="proyecto.kicad_sch"/>
      <property name="ki_description" value="Ultra low power 2.4GHz RF Transceiver, QFN-20"/>
      <property name="ki_keywords" value="Low Power RF Transceiver"/>
      <sheetpath names="/" tstamps="/"/>
      <tstamps>bde1db8d-5700-444a-b962-af2900f7333a</tstamps>
    </comp>
    <comp ref="Y1">
      <value>16MHz</value>
      <footprint>Crystal:Crystal_SMD_3215-2Pin_3.2x1.5mm</footprint>
      <libsource lib="Device" part="Crystal" description="Two pin crystal"/>
      <property name="Sheetname" value=""/>
      <property name="Sheetfile" value="proyecto.kicad_sch"/>
      <property name="ki_description" value="Two pin crystal"/>
      <property name="ki_keywords" value="quartz ceramic resonator oscillator"/>
      <sheetpath names="/" tstamps="/"/>
      <tstamps>19e61676-fff4-4538-8866-7d1e8c022be9</tstamps>
    </comp>
  </components>
  <libparts>
    <libpart lib="Connector" part="Conn_01x08_Pin">
      <description>Generic connector, single row, 01x08, script generated</description>
      <docs>~</docs>
      <footprints>
        <fp>Connector*:*_1x??_*</fp>
      </footprints>
      <fields>
        <field name="Reference">J</field>
        <field name="Value">Conn_01x08_Pin</field>
        <field name="Datasheet">~</field>
      </fields>
      <pins>
        <pin num="1" name="Pin_1" type="passive"/>
        <pin num="2" name="Pin_2" type="passive"/>
        <pin num="3" name="Pin_3" type="passive"/>
        <pin num="4" name="Pin_4" type="passive"/>
        <pin num="5" name="Pin_5" type="passive"/>
        <pin num="6" name="Pin_6" type="passive"/>
        <pin num="7" name="Pin_7" type="passive"/>
        <pin num="8" name="Pin_8" type="passive"/>
      </pins>
    </libpart>
    <libpart lib="Device" part="Antenna">
      <description>Antenna</description>
      <docs>~</docs>
      <fields>
        <field name="Reference">AE</field>
        <field name="Value">Antenna</field>
        <field name="Datasheet">~</field>
      </fields>
      <pins>
        <pin num="1" name="A" type="input"/>
      </pins>
    </libpart>
    <libpart lib="Device" part="C_Small">
      <description>Unpolarized capacitor, small symbol</description>
      <docs>~</docs>
      <footprints>
        <fp>C_*</fp>
      </footprints>
      <fields>
        <field name="Reference">C</field>
        <field name="Value">C_Small</field>
        <field name="Datasheet">~</field>
      </fields>
      <pins>
        <pin num="1" name="" type="passive"/>
        <pin num="2" name="" type="passive"/>
      </pins>
    </libpart>
    <libpart lib="Device" part="Crystal">
      <description>Two pin crystal</description>
      <docs>~</docs>
      <footprints>
        <fp>Crystal*</fp>
      </footprints>
      <fields>
        <field name="Reference">Y</field>
        <field name="Value">Crystal</field>
        <field name="Datasheet">~</field>
      </fields>
      <pins>
        <pin num="1" name="1" type="passive"/>
        <pin num="2" name="2" type="passive"/>
      </pins>
    </libpart>
    <libpart lib="Device" part="L">
      <description>Inductor</description>
      <docs>~</docs>
      <footprints>
        <fp>Choke_*</fp>
        <fp>*Coil*</fp>
        <fp>Inductor_*</fp>
        <fp>L_*</fp>
      </footprints>
      <fields>
        <field name="Reference">L</field>
        <field name="Value">L</field>
        <field name="Datasheet">~</field>
      </fields>
      <pins>
        <pin num="1" name="1" type="passive"/>
        <pin num="2" name="2" type="passive"/>
      </pins>
    </libpart>
    <libpart lib="Device" part="R_Small_US">
      <description>Resistor, small US symbol</description>
      <docs>~</docs>
      <footprints>
        <fp>R_*</fp>
      </footprints>
      <fields>
        <field name="Reference">R</field>
        <field name="Value">R_Small_US</field>
        <field name="Datasheet">~</field>
      </fields>
      <pins>
        <pin num="1" name="" type="passive"/>
        <pin num="2" name="" type="passive"/>
      </pins>
    </libpart>
    <libpart lib="RF" part="NRF24L01">
      <description>Ultra low power 2.4GHz RF Transceiver, QFN-20</description>
      <docs>http://www.nordicsemi.com/eng/content/download/2730/34105/file/nRF24L01_Product_Specification_v2_0.pdf</docs>
      <footprints>
        <fp>QFN*4x4*0.5mm*</fp>
      </footprints>
      <fields>
        <field name="Reference">U</field>
        <field name="Value">NRF24L01</field>
        <field name="Footprint">Package_DFN_QFN:QFN-20-1EP_4x4mm_P0.5mm_EP2.5x2.5mm</field>
        <field name="Datasheet">http://www.nordicsemi.com/eng/content/download/2730/34105/file/nRF24L01_Product_Specification_v2_0.pdf</field>
      </fields>
      <pins>
        <pin num="1" name="CE" type="input"/>
        <pin num="2" name="CSN" type="input"/>
        <pin num="3" name="SCK" type="input"/>
        <pin num="4" name="MOSI" type="input"/>
        <pin num="5" name="MISO" type="output"/>
        <pin num="6" name="IRQ" type="output"/>
        <pin num="7" name="VDD" type="power_in"/>
        <pin num="8" name="VSS" type="power_in"/>
        <pin num="9" name="XC2" type="passive"/>
        <pin num="10" name="XC1" type="passive"/>
        <pin num="11" name="VDD_PA" type="power_out"/>
        <pin num="12" name="ANT1" type="passive"/>
        <pin num="13" name="ANT2" type="passive"/>
        <pin num="14" name="VSS" type="power_in"/>
        <pin num="15" name="VDD" type="power_in"/>
        <pin num="16" name="IREF" type="passive"/>
        <pin num="17" name="VSS" type="power_in"/>
        <pin num="18" name="VDD" type="power_in"/>
        <pin num="19" name="DVDD" type="power_out"/>
        <pin num="20" name="VSS" type="power_in"/>
      </pins>
    </libpart>
  </libparts>
  <libraries>
    <library logical="Connector">
      <uri>C:\Program Files\KiCad\7.0\share\kicad\symbols\/Connector.kicad_sym</uri>
    </library>
    <library logical="Device">
      <uri>C:\Program Files\KiCad\7.0\share\kicad\symbols\/Device.kicad_sym</uri>
    </library>
    <library logical="RF">
      <uri>C:\Program Files\KiCad\7.0\share\kicad\symbols\/RF.kicad_sym</uri>
    </library>
  </libraries>
  <nets>
    <net code="1" name="GND">
      <node ref="C1" pin="2" pintype="passive"/>
      <node ref="C10" pin="2" pintype="passive"/>
      <node ref="C11" pin="2" pintype="passive"/>
      <node ref="C2" pin="2" pintype="passive"/>
      <node ref="C3" pin="2" pintype="passive"/>
      <node ref="C4" pin="2" pintype="passive"/>
      <node ref="C5" pin="2" pintype="passive"/>
      <node ref="C6" pin="2" pintype="passive"/>
      <node ref="C8" pin="2" pintype="passive"/>
      <node ref="C9" pin="2" pintype="passive"/>
      <node ref="J1" pin="8" pinfunction="Pin_8" pintype="passive"/>
      <node ref="R1" pin="2" pintype="passive"/>
      <node ref="U1" pin="14" pinfunction="VSS" pintype="power_in"/>
      <node ref="U1" pin="17" pinfunction="VSS" pintype="power_in"/>
      <node ref="U1" pin="20" pinfunction="VSS" pintype="power_in"/>
      <node ref="U1" pin="8" pinfunction="VSS" pintype="power_in"/>
    </net>
    <net code="2" name="Net-(AE1-A)">
      <node ref="AE1" pin="1" pinfunction="A" pintype="input"/>
      <node ref="C11" pin="1" pintype="passive"/>
      <node ref="L4" pin="2" pinfunction="2" pintype="passive"/>
    </net>
    <net code="3" name="Net-(C7-Pad1)">
      <node ref="C7" pin="1" pintype="passive"/>
      <node ref="L3" pin="2" pinfunction="2" pintype="passive"/>
    </net>
    <net code="4" name="Net-(C10-Pad1)">
      <node ref="C10" pin="1" pintype="passive"/>
      <node ref="C7" pin="2" pintype="passive"/>
      <node ref="C9" pin="1" pintype="passive"/>
      <node ref="L4" pin="1" pinfunction="1" pintype="passive"/>
    </net>
    <net code="5" name="Net-(J1-Pin_2)">
      <node ref="J1" pin="2" pinfunction="Pin_2" pintype="passive"/>
      <node ref="U1" pin="4" pinfunction="MOSI" pintype="input"/>
    </net>
    <net code="6" name="Net-(J1-Pin_3)">
      <node ref="J1" pin="3" pinfunction="Pin_3" pintype="passive"/>
      <node ref="U1" pin="5" pinfunction="MISO" pintype="output"/>
    </net>
    <net code="7" name="Net-(J1-Pin_4)">
      <node ref="J1" pin="4" pinfunction="Pin_4" pintype="passive"/>
      <node ref="U1" pin="3" pinfunction="SCK" pintype="input"/>
    </net>
    <net code="8" name="Net-(J1-Pin_5)">
      <node ref="J1" pin="5" pinfunction="Pin_5" pintype="passive"/>
      <node ref="U1" pin="2" pinfunction="CSN" pintype="input"/>
    </net>
    <net code="9" name="Net-(J1-Pin_6)">
      <node ref="J1" pin="6" pinfunction="Pin_6" pintype="passive"/>
      <node ref="U1" pin="1" pinfunction="CE" pintype="input"/>
    </net>
    <net code="10" name="Net-(J1-Pin_7)">
      <node ref="J1" pin="7" pinfunction="Pin_7" pintype="passive"/>
      <node ref="U1" pin="6" pinfunction="IRQ" pintype="output"/>
    </net>
    <net code="11" name="Net-(U1-ANT1)">
      <node ref="L1" pin="1" pinfunction="1" pintype="passive"/>
      <node ref="L3" pin="1" pinfunction="1" pintype="passive"/>
      <node ref="U1" pin="12" pinfunction="ANT1" pintype="passive"/>
    </net>
    <net code="12" name="Net-(U1-ANT2)">
      <node ref="L1" pin="2" pinfunction="2" pintype="passive"/>
      <node ref="L2" pin="1" pinfunction="1" pintype="passive"/>
      <node ref="U1" pin="13" pinfunction="ANT2" pintype="passive"/>
    </net>
    <net code="13" name="Net-(U1-DVDD)">
      <node ref="C2" pin="1" pintype="passive"/>
      <node ref="U1" pin="19" pinfunction="DVDD" pintype="power_out"/>
    </net>
    <net code="14" name="Net-(U1-IREF)">
      <node ref="R1" pin="1" pintype="passive"/>
      <node ref="U1" pin="16" pinfunction="IREF" pintype="passive"/>
    </net>
    <net code="15" name="Net-(U1-VDD_PA)">
      <node ref="C6" pin="1" pintype="passive"/>
      <node ref="C8" pin="1" pintype="passive"/>
      <node ref="L2" pin="2" pinfunction="2" pintype="passive"/>
      <node ref="U1" pin="11" pinfunction="VDD_PA" pintype="power_out"/>
    </net>
    <net code="16" name="Net-(U1-XC1)">
      <node ref="C5" pin="1" pintype="passive"/>
      <node ref="R2" pin="2" pintype="passive"/>
      <node ref="U1" pin="10" pinfunction="XC1" pintype="passive"/>
      <node ref="Y1" pin="2" pinfunction="2" pintype="passive"/>
    </net>
    <net code="17" name="Net-(U1-XC2)">
      <node ref="C4" pin="1" pintype="passive"/>
      <node ref="R2" pin="1" pintype="passive"/>
      <node ref="U1" pin="9" pinfunction="XC2" pintype="passive"/>
      <node ref="Y1" pin="1" pinfunction="1" pintype="passive"/>
    </net>
    <net code="18" name="VDD">
      <node ref="C1" pin="1" pintype="passive"/>
      <node ref="C3" pin="1" pintype="passive"/>
      <node ref="J1" pin="1" pinfunction="Pin_1" pintype="passive"/>
      <node ref="U1" pin="15" pinfunction="VDD" pintype="power_in"/>
      <node ref="U1" pin="18" pinfunction="VDD" pintype="power_in"/>
      <node ref="U1" pin="7" pinfunction="VDD" pintype="power_in"/>
    </net>
  </nets>
</export>
